Region 1 (Ilocos Region,Region II (Cagayan Valley),Region III (Central Luzon),Region IV-A (CALABARZON),Region IV-B (MIMAROPA),Region V (Bicol),Region VI (Western Visayas),Region VII (Central Visayas),Region VIII (Eastern Visayas),Region IX (Zamboanga Peninsula),Region X (Northern Mindanao),Region XI (Davao Region),Region XII (SOCCSKARGEN),Region XIII (Caraga),NCR (National Capital Region),CAR (Cordillera Administrative Region),BARMM (Bangsamoro Autonomous Region in Muslim Mindanao)
Asbury College,Aldersgate College,Academia de San Lorenzo Dema Ala,ACTS Computer College,Abada College,Aemilianum College,Aklan Catholic College,Asian College of Technology International Educational,Abuyog Community College,Alhadeetha Mindanao College,Adventist Medical Center College,ACES Polytechnic College,Adventist College of Technology,ACLC College of Butuan City,Adamson University,Abra State Institute of Science And Technology-Bangued,Abubakar Computer Learning Center Foundation
Binalatongan Community College,Batanes State College,Angeles University Foundation,Adventist University of the Philippines,Ark of the Covenant Montessori Chamber of Learning,Alfelor Sr. Memorial College,Aklan State University-Banga Campus,Bantayan Southern Institute,"Asia College of Advance Studies In Arts, Sciences and Technology",Andres Bonifacio College,Blessed Mother College,Aces Tagum College,Asian Colleges and Technological Institute,Agusan Colleges,AMA Computer University,Abra State Institute of Science And Technology-Main,Academia de Tecnologia in Mindanao
CICOSAT Colleges,Cagayan State University-Andrews,Araullo University,Agoncillo College,Baco Community College,Amando Cope College,Aklan State University-Ibajay Campus,Baptist Theological College,Asian Development Foundation College,Ateneo de Zamboanga University,Bukidnon State University,Arriesgado College Foundation,B.E.S.T. College of Polomolok,Agusan del Sur College,Angelicum College,Abra Valley Colleges,Adiong Memorial Polytechnic State College
Colegio de Dagupan,Cagayan State University-Aparri,Araullo University-San Jose Campus,Alitagtag College,City College of Calapan,Annunciation College of Bacon Sorsogon Unit,Aklan State University-Kalibo Campus,Batuan Colleges,Bato Institute of Science and Technology,Aurora Pioneers Memorial College,Cagayan De Oro College,Assumption College of Davao,Brokenshire College SOCSKSARGEN,Agusan Del Sur State College of Agriculture and Technology,Arellano University-Malabon,Apayao State College-Luna,Al Bangsamoro Shari’Ah And Professional Education
Colegio De San Juan De Letran-Manaoag,Cagayan State University-Gonzaga,Asia Pacific College of Advanced Studies,All Nations College,Clarendon College,Aroroy Municipal College,Aklan State University-Makato,Benedicto College,Biliran Province State University-Biliran,Ave Maria College,Camiguin Polytechnic State College,Assumption College of Nabunturan,Central Mindanao Colleges,Andres Soriano Colleges of Bislig,Arellano University-Mandaluyong,Apayao State College-Main,Al Khwarizmi International College Foundation
Colegio San Jose De Alaminos,Cagayan State University-Lallo,Aurora State College of Technology-Main,Alpha Centauri Educational System,Colegio De San Sebastian-Sablayan,Ateneo de Naga University,Aklan State University-New Washington,BIT International College – Siquijor,Biliran Province State University-Main,Basilan State College,Capitol University,Ateneo de Davao University,Colegio de Kidapawan,Balite Institute of Technology-Butuan,Arellano University-Manila,Baguio Central University,Antonio R. Pacheco College
Dagupan Colleges Foundation,Cagayan State University-Lasam,Aurora State College of Techonolgy-Casiguran,AMA Computer College-Lucena,Divine Word College of Calapan,Baao Community College,Altavas College,BIT International College-Carmen,Christ the King College-Calbayog City,Blancia College Foundation,Central Mindanao University,Brokenshire College,Cotabato Foundation College of Science and Technology,Binnor Pangandaman Integrated College,Arellano University-Pasay,Benguet State University-Bokod Campus,As-Salihein Integrated School Foundation
Data Center College of the Philippines of Laoag City,Cagayan State University-Piat,Baliuag University,Asia Technological School of Science and Arts,Divine Word College of San Jose,Balud Municipal College,Bacolod City College,BIT International College-Tagbilaran,Colegio De Las Navas,Claret College of Isabela,Christ the King College,Caraga Technological Institute,Cotabato Foundation College of Science and Technology,Bucas Grande Foundation College,Arellano University-Pasig,Benguet State University-Buguias Campus,Bai Malgen Mama College
Divine Word College of Laoag,Cagayan State University-Sanchez Mira,Baliwag Polytechnic College,Asian Institute of Technology and Education-Tiaong,Eastern Mindoro College,Belen B. Francisco Foundation-Albay,Bago City College,BIT International College-Talibon,Colegio de San Juan Samar,Colegio de la Ciudad de Zamboanga,Christ The King College De Maranding,Christian Colleges of Southeast Asia,Cronasia Foundation College,Butuan City Colleges,Asian Institute of Journalism and Communication,Benguet State University-Main,Balabagan Trade School
Divine Word College of Urdaneta,Cagayan State University-Tuguegarao (Carig),Bataan Peninsula State University,Batangas College of Arts and Sciences,EMA EMITS College Philippines,Bicol College,Balete Community College,Blessed Trinity College,Colegio de San Lorenzo Ruiz de Manila of Northern,"Colegio de San Francisco Javier of Rizal Zamboanga del Norte, Incorporated",Don Carlos Polytechnic College,Cor Jesu College,Edenton Mission College,Candelaria Institute of Technology of Cabadbaran,Assumption College,BSBT College,Basilan State College-Lamitan
Divine Word College of Vigan,F.L. Vargas College-Abulug,Bataan Peninsula State University-Abucay,Batangas Eastern Colleges,Fullbright College,Bicol State College of Applied Sciences and Technology,Batan Integrated College of Technology,Bohol Institute of Technology-Jagna,Eastern Samar State University,Dipolog City Institute of Technology,Dr. Solomon U. Molina College,Davao Central College,General Santos Academy,Caraga Institute of Technology,Bernardo College,BVS College,Basilan State College-Maluso
Don Mariano Marcos Memorial State University-Mid La Union,FL Vargas College-Tuguegarao,Bataan Peninsula State University-Bagac,Batangas State University-Balayan,Grace Mission College,Bicol Training and Technological College,Bicol State College of Applied Sciences and Technology,Bohol Island State University – Bilar,Eastern Samar State University-Can-Avid,DMC College Foundation,Fatima College of Camiguin,Davao de Oro State College,Gensan College of Technology,Caraga State University-Cabadbaran,Bestlink College of the Philippines,Cordillera Career Development College,Binnor Pangandaman Integrated College
Don Mariano Marcos Memorial State University-North La Union,HGBaquiran College,Bataan Peninsula State University-Balanga,Batangas State University-Lemery,Holy Trinity University,Bicol University Gubat Campus,Bicol University-Main,Bohol Island State University – Calape Polytechnic,Eastern Samar State University-Guiuan,Dr. Aurelio Mendoza Memorial Colleges,Gingoog Christian College,Davao de Oro State College-Maragusan,Gensantos Foundation College,Caraga State University-Main,Central Colleges of the Philippines,Divine Word College of Bangued,Cali Paramedical College Foundation
Don Mariano Marcos Memorial State University-Open University System,Infant Jesus Montessori School (College Department),Bataan Peninsula State University-Dinalupihan,Batangas State University-Lipa City,Innovative College of Science and Technology,Bicol University-College of Agriculture and Forestry,Bicol University-Polangui Campus,Bohol Island State University – Candijay,Eastern Samar State University-Maydolong,Eastern Mindanao College of Technology,Gingoog City College,Davao de Oro State College-Montevista,Glan Institute of Technology,De La Salle John Bosco College,Centro Escolar University-Manila,Easter College,Central Sulu College
Don Mariano Marcos Memorial State University-South La Union,International School of Asia and the Pacific,Bataan Peninsula State University-Orani,Batangas State University-Lobo,John Paul College,Bicol University-Main,Binalbagan Catholic College,Bohol Island State University – Clarin,Eastern Samar State University-Salcedo,Ebenezer Bible College and Seminary,Golden Heritage Polytechnic College,Davao de Oro State College-New Bataan,Goldenstate College,Don Jose Ecleo Memorial Foundation College of Science and Technology,Chiang Kai Shek College,Ifugao State University – Lagawe Campus,Coland Systems Technology
Golden West Colleges,Isabela Colleges,Bestlink College of the Philippines-Bulacan,Batangas State University-Main,Luna Goco Colleges-Calapan,Bicol University-Polangui Campus,Cabarrus Catholic College,Bohol Island State University – Tagbilaran,Eastern Visayas Central Colleges,HMIJ Foundation Philippine Islamic College,Gov. Alfonso D. Tan College,Davao Del Norte State College,Goldenstate College of Kiamba,Father Saturnino Urios University,Children of Mary Immaculate College,Ifugao State University – Main,Cotabato State University
Ilocos Sur Polytechnic State College-Candon,Isabela State University-Angadanan,Bulacan Agricultural State College,Batangas State University-Malvar,Marinduque Midwest College,Bicol University-Tabaco Campus,Camarines Norte College,Bohol Northern Star College,Eastern Visayas State University,Hyrons College Philippines,IBA College of Mindanao,Davao del Sur State College-Main,Goldenstate College of Koronadal City,Hinatuan Southern College,Christ the King College of Science and Technology,Ifugao State University – Potia,Dansalan Polytechnic College
Ilocos Sur Polytechnic State College-Cervantes,Isabela State University-Cabagan,Bulacan Agricultural State College-Doña Remedios,Batangas State University-Nasugbu,Marinduque State University-Main Campus,Brentwood College of Asia International School,Camarines Norte State College-Abaño Campus,Bohol Northwestern Colleges,Eastern Visayas State University-Burauen,Jose Rizal Memorial State University – Main,Iligan Capitol College,Davao Doctors College,Goldenstate College of Maasim,Holy Child Colleges of Butuan City,City of Malabon University,Ifugao State University – Tinoc,Datu Ibrahim Paglas Memorial College
Ilocos Sur Polytechnic State College-Narvacan,Isabela State University-Cauayan,Bulacan Polytechnic College,Batangas State University-Rosario,Marinduque State University-Sta. Cruz Campus,Calabanga Community College,Capiz State University-Burias Campus,Bohol Wisdom School,Eastern Visayas State University-Carigara,Jose Rizal Memorial State University-Dipolog,Iligan Medical Center College,Davao Oriental State University,Green Valley College Foundation,Mt. Carmel College of San Francisco,City University of Pasay,Ifugao State University-Aguinaldo,Datu Mala Muslim Mindanao Islamic College
Ilocos Sur Polytechnic State College-Santiago,Isabela State University-Ilagan,Bulacan State University-Bustos,Batangas State University-San Juan,Mindoro State University-Bongabong Campus,Camarines Norte College,Capiz State University-Dayao,Buenavista Community College,Eastern Visayas State University-Ormoc,Jose Rizal Memorial State University-Katipunan Campus,Initao College,Davao Oriental State University-Banaybanay,Green Valley College Foundation – Isulan,North Eastern Mindanao State University-Cantilan,Colegio de San Gabriel Archangel of Caloocan,Kalinga Colleges of Science and Technology,De La Vida College
Ilocos Sur Polytechnic State College-Sta.Maria,Isabela State University-Jones,Bulacan State University-Hagonoy,Binangonan Catholic College,Mindoro State University-Calapan City Campus,Camarines Norte State College-Abaño Campus,Capiz State University-Dumarao Campus,Carmelite College – Siquijor,Eastern Visayas State University-Tanauan,Jose Rizal Memorial State University-Sibuco,La Salle University,Davao Oriental State University-Cateel Extension,Holy Child College of Information Technology,North Eastern Mindanao State University-Lianga,Colegio de San Juan de Letran,Kalinga State University-Main,Del Sur Good Shepherd College
Ilocos Sur Polytechnic State College-Tagudin,Isabela State University-Main,Bulacan State University-Main,Brookfield College in Cavite,Mindoro State University-Main Campus,Camarines Norte State College-Entienza Campus,Capiz State University-Main,CBD College,Franciscan College of the Immaculate Conception,Jose Rizal Memorial State University-Siocon,Lanao School of Science and Technology,Davao Oriental State University-San Isidro,Holy Trinity College of General Santos City,North Eastern Mindanao State University-Main,Colegio de Sta. Teresa de Avila Foundation,Keystone College,Dr. P. Ocampo Colleges
International College for Excellence,Isabela State University-Palanan,Bulacan State University-Meneses,BWEST College,Occidental Mindoro State College,Camarines Norte State College-Panganiban Campus,Capiz State University-Pilar Campus,Cebu Eastern College,Holy Cross College of Carigara,Jose Rizal Memorial State University-Tampilisan,Liceo De Cagayan University,Davao Vision Colleges,i-Link College of Science and Technology,North Eastern Mindanao State University-San Miguel,College of Divine Wisdom,King’s College of the Philippines-Benguet,Eastern Kutawato College
Lorma Colleges,Isabela State University-Roxas,Bulacan State University-San Jose Del Monte,Cainta Catholic College,Occidental Mindoro State College-Labangan Campus,Camarines Sur Polytechnic Colleges,Capiz State University-Pontevedra Campus,Cebu Institute of Technology-University,Holy Infant College,Josefina H. Cerilles State College,Lourdes College,Davao Winchester Colleges,King Solomon Institute,North Eastern Mindanao State University-Tagbina,College of Saint Amatiel,Mountain Province State University-Main,Enthusiastic College
Luna Colleges,Isabela State University-San Mariano,Camiling Colleges,Calamba Doctors’ College,Occidental Mindoro State College-Lubang Campus,Capalonga College,Capiz State University-Sigma Campus,Cebu Mary Immaculate College,Holy Virgin of Salvacion Foundation College,Josefina H. Cerilles State College – Dumingag,Magsaysay College,Evelyn E. Fabie College,King’s College of Isulan,Northeastern Mindanao Colleges,College of St. Catherine,Mountain Province State University-Tadian,Gani L. Abpi College
Lyceum Northern Luzon,Isabela State University-San Mateo,"Camiling Colleges, Inc.",Calauag Central College,Occidental Mindoro State College-Mamburao,Caramoan Community College,Capiz State University-Tapaz Campus,Cebu Normal University,Leyte Colleges,Josefina H. Cerilles State College-Canuto M.S. Enerio,Medina College,Gabriel Taborin College of Davao Foundation,King’s College of Marbel,Northern Mindanao Colleges,Concordia College,Philippine Nazarene College,Hadji Butu School of Arts And Trades
Lyceum Northwestern University,John Wesley College,Central Luzon College of Science and Technology-Olongapo,Calayan Educational Foundation,Occidental Mindoro State College-Murtha Campus,Cataingan Municipal College,Carlos Hilado Memorial State University-Alijis,Cebu Normal University – Balamban,Leyte Normal University,Lucan Central Colleges,Medina Foundation College,"Governor Generoso College of Arts, Sciences and Technology",Korbel Foundation College,Northwestern Agusan Colleges,De La Salle University-Manila,Pines City Colleges,Hardam Furigay Colleges Foundation
Lyceum Northwestern University-Urdaneta Campus,King’s College of the Philippines-Bambang,Central Luzon College of Science and Technology-San Fernando City,Canossa College,Occidental Mindoro State College-Sablayan Campus,Cataingan Polytechnic Institute,Carlos Hilado Memorial State University-Binalbagan,Cebu Normal University – Medellin,Mater Divinae Gratiae College,Marian College,Mindanao State University – Iligan Institute of Technology,Holy Child College of Davao,Kulaman Academy,Philippine Electronics and Communication Institute of Technology,De La Salle-Araneta University,Remnant International College,Headstart College of Cotabato
Malasiqui Agno Valley College,La Salette of Roxas College,Central Luzon State University,Casa Del Niño College,Palawan Polytechnic College,Catanduanes Colleges,Carlos Hilado Memorial State University-Main,Cebu Roosevelt Memorial College,Montano Lamberte Go Collegeof Learning,Medina College-Ipil,Mindanao State University-Lanao Del Norte,Holy Cross College of Calinan,Marbel School of Science and Technology,Philippine Normal University-Mindanao Campus,Diliman College,Saint Louis College of Bulanao,Illana Bay Integrated Computer College
Mariano Marcos State University-Laoag,Lyceum of Aparri,Centro Escolar University at Malolos,Cavite State University-Bacoor City Campus,Palawan State University,Catanduanes State University-Main,Ceguera Technological Colleges,Cebu Technological University – Main,Northern Samar Colleges,Mindanao State University-Buug College,Mindanao State University-Maigo School of Arts and Trades,Holy Cross College of Sasa,Marvelous College of Technology,Saint Francis Xavier College,Divine Mercy College Foundation,Saint Louis University,Iqra Development Academy
Metro-Dagupan Colleges,Lyceum of Tuao,CIT Colleges of Paniqui Foundation,Cavite State University-Carmona Campus,Palawan State University- Brooke’s Point,Catanduanes State University-Panganiban,Central Philippine Adventist College,Cebu Technological University-Argao Campus,Northwest Samar State University,Our Lady of Triumph Institute of Technology,Mindanao State University-Naawan,Holy Cross of Davao College,Mindanao State University-General Santos,Saint Joseph Institute of Technology,Dr. Carlos S. Lanting College,Saint Tonis College,Iranun Foundation College
Mystical Rose College of Science and Technology,Maila Rosario Colleges,City College of Angeles,Cavite State University-Cavite City Camous,Palawan State University-Bataraza,Ceguera Technological Colleges,Central Philippine University,Cebu Technological University-Barili Campus,Northwest Samar State University-San Jorge,Pagadian Capitol College,Misamis Oriental Institute of Science and Technology,Jose Maria College,New Hope School of Agriculture and Fishery,Saint Michael College of Caraga,Emilio Aguinaldo College,Star College,Jamiatu Dansalan Al-Islamia Foundation
NICOSAT Colleges,Mallig Plains Colleges,City College of San Fernando Pampanga,Cavite State University-General Trias Campus,Palawan State University-Coron,Central Bicol State University of Agriculture-Calabanga,Central Philippines State University – San Carlos,Cebu Technological University-Carmen,Our Lady of Mercy College,Philippine Advent College,Misamis University,"Kapalong College of Agriculture, Sciences and Technology",North Valley College Foundation,Saint Michael College-Cantilan,Eulogio “Amang” Rodriguez Institute of Science and Technology,University of Baguio,Jamiatu Marawi Al-Islamia Foundation
NJ Valdez Colleges Foundation,Northeast Luzon Adventist College,City College of San Jose del Monte,Cavite State University-Imus Campus,Palawan State University-Cuyo,Central Bicol State University of Agriculture-Main,Central Philippines State University – Victorias City,Cebu Technological University-Daanbantayan Campus,Palompon Institute of Technology,Philippine Advent College – Leon B. Postigo Campus,Misamis University-Oroquieta City,Kolehiyo ng Pantukan,Notre Dame of Dadiangas University,Saint Theresa College of Tandag,Far Eastern University,University of the Cordilleras,Jamiatu Muslim Mindanao
North Luzon Philippines State College,Northeastern College,"Colegio De Calumpit, Inc.",Cavite State University-Main,Palawan State University-Dumaran,Central Bicol State University of Agriculture-Pasacao,Central Philippines State University-Candoni,Cebu Technological University-Danao City Campus,Palompon Institute of Technology-Tabango,Philippine Advent College-Salug,Mountain View College,Laak Institute Foundation,Notre Dame of Kidapawan College,Saint Vincent de Paul Diocesan College,Febias College of Bible,Xijen College of Mt. Province,Jamiatul Philippine Al-Islamia
Northern Christian College,Northern Cagayan Colleges Foundation,Colegio De San Gabriel Arcangel,Cavite State University-Naic Campus,Palawan State University-Narra,Central Bicol State University of Agriculture-Sipocot,Central Philippines State University-Cauayan,Cebu Technological University-Moalboal Campus,Saint Joseph College,Pilar Colege of Zamboanga City,North Central Mindanao College,Legacy College of Compostela,Notre Dame of Marbel University,Siargao Island Institute of Technology,Global Reciprocal Colleges,,Khadijah Mohammad Islamic Academy
Northern Luzon Adventist College-Sison,Nueva Vizcaya State University – Main,Colegio De San Pascual Baylon,Cavite State University-Rosario Campus,Palawan State University-Quezon,Christian Polytechnic Institute of Catanduanes,Central Philippines State University-Hinigaran,Cebu Technological University-San Francisco Campus,Saint Michael College of Hindang,Rizal Memorial Institute of Dapitan City,Northern Bukidnon State College,Liceo De Davao,Notre Dame of Midsayap College,Southern Technological Institute of the Philippines,Golden Link College Foundation,,Kutawato Darrusalam College
Northern Luzon Adventist College-Sta.Maria,Nueva Vizcaya State University-Bambang,College for Research and Technology-Cabanatuan City,Cavite State University-Silang Campus,Palawan State University-Rizal,Community College of Manito,Central Philippines State University-Hinoba-An,Cebu Technological University-Tuburan Campus,Saint Thomas Aquinas College,Saint Columban College,Northwestern Mindanao State College of Science and Technology,Maco de Oro College,Notre Dame of Salaman College,Southway College of Technology,Governor Andres Pascual College,,Lake Lanao College
Northwestern University,Our Lady of the Pillar College-Cauayan,"College of Mary Immaculate of Pandi, Bulacan",Cavite State University-Tanza Campus,Palawan State University-Roxas,Computer Arts and Technological College-Ligao City,Central Philippines State University-Ilog,Colegio de San Antonio de Padua,Samar Colleges,Saint Estanislao Kostka College,Opol Community College,Maryknoll College of Panabo,Notre Dame of Tacurong College,St. Jude Thaddeus Institute of Technology,Grace Christian College,,Lanao Central College
Osias Educational Foundation,Our Lady of the Pillar College-Cauayan San Manuel,College of Saint Anthony-SJDM Bulacan,Cavite State University-Trece Martires City Campus,"Palawan State University-San Rafael, Puerto Princesa",Daniel B. Peña Memorial College Foundation,Central Philippines State University-Main,Colegio De Santa Catalina De Alejandria,Samar State University,Saint Joseph College of Sindangan,Pangantucan Bukidnon Community College,Mati Doctors College,Notre Dame-Siena College of Polomolok,St. Paul University Surigao,Greenville College,,Lanao Educational Institute
Palaris College,Patria Sable Corpus College,College of Saint Lawrence,Cavite West Point College,Palawan State University-Sofronio Española,Daraga Community College,Central Philippines State University-Moises Padilla,Consolacion Community College,Samar State University-Basey,Saint Vincent’s College,Philippine College Foundation,Mati Polytechnic College,Pacific Southbay College,Surigao Education Center,Holy Rosary College Foundation,,Lanao Islamic Paramedical College Foundation
Pangasinan Merchant Marine Academy,Philippine Normal University-North Luzon,College of Subic Montessori-Subic Bay,Citi Global College-Biñan,Palawan State University-Taytay,Divine Word College of Legazpi,Central Philippines State University-Sipalay,Consolatrix College of Toledo City,Samar State University-Mercedes,Sibugay Technical Institute,Pilgrim Christian College,MATS College of Technology,Primasia Foundation College,Surigao State College of Technology-Del Carmen,Immaculada Concepcion College,,Lapak Agricultural School
Pangasinan State University-Alaminos City,PLT College,College of the Holy Spirit of Tarlac,Citi Global College-Cabuyao,Paradigm Colleges of Science and Technology,Donsol Community College,Colegio de la Purisima Concepcion,Cordova Public College,Samar State University-Paranas,Southern City Colleges,Quezon Institute of Technology,Mindanao Kokusai Daigaku,Quezon Colleges of Southern Philippines,Surigao State College of Technology-Main,Immaculate Heart of Mary College-Parañaque,,Mahardika Institute of Technology
Pangasinan State University-Asingan,Quirino State University – Cabarroguis,College of the Immaculate Conception,City College of Calamba,Pinamalayan Maritime Foundation and Technological,Dr. Carlos S. Lanting College-Dr. Ruby Lanting Casaul,Colegio de San Jose-Jaro,Cristal e-College (Panglao Campus),Southern Leyte State University,Southern City Colleges-West Campus,Roman C. Villalon Memorial Colleges Foundation,"Monkayo College of Arts, Sciences and Technology",Ramon Magsaysay Memorial College – Marbel,Surigao State College of Technology-Mainit,Integrated Innovation and Hospitality Colleges,,Mapandi Memorial College
Pangasinan State University-Bayambang,Quirino State University – Maddela,College of the Most Holy Trinity Catholic Foundation,City College of Tagaytay,Polytechnic University of the Philippines-Bansud,"Dr. Emilio B. Espinosa, Sr. Memorial State College of",Colegio De Santa Rita De San Carlos,De La Salle Andres Soriano Memorial College,Southern Leyte State University-Hinunangan,Southern Mindanao Colleges,Sacred Heart College of Calamba,North Davao College-Tagum Foundation,Ramon Magsaysay Memorial Colleges,Surigao State College of Technology-Malimono,International Baptist College,,Maranao Islamic Institute – Ma’Had Maranao Al-Islamie
Pangasinan State University-Binmaley,Quirino State University-Diffun,College of the Our Lady of Mercy of Pulilan Foundation,Colegio de Amore,Polytechnic University of the Philippines-Sablayan,"Dr. Emilio B. Espinosa, Sr. Memorial State College of Agriculture and Technology",Colegio de Sta. Ana de Victorias,Diaz College,Southern Leyte State University-San Juan,Southern Peninsula College,Salay Community College,North Davao Colleges-Panabo,Saint Albert Polytechnic College,Surigao Sur Colleges,Jesus Reigns Christian College Foundation,,Marawi Capitol College Foundation
Pangasinan State University-Infanta,Saint Anthony’s College,Columban College-Olongapo City,Colegio de La Ciudad de Tayabas,Prince of Peace College,Estenias Science Foundation School,Colegio San Agustin-Bacolod,Felipe R. Verallo Memorial Foundation-Bogo,Southern Leyte State University-Tomas Oppus,St. Mary’s College of Labason,San Agustin Institute of Technology,Philippine College of Technology,Santa Cruz Mission School,University of Southeastern Philippines-Bislig Campus,Jose Rizal University,,Marawi Islamic College
Pangasinan State University-Lingayen,Saint Dominic College of Batanes,"Columban College-Sta. Cruz, Zambales",Colegio de Los Baños,Romblon State University-Cajidiocan Campus,Felix O. Alfelor Sr. Foundation College,College of St. John-Roxas,Foundation University,St. Mary’s College of Borongan,Universidad de Zamboanga,San Isidro College,Philippine Women’s College of Davao,Santo Niño College Foundation,,Kalayaan College,,Masiricampo Abantas Memorial Educational Center
Pangasinan State University-San Carlos City,Saint Ferdinand College-Cabagan,Concepcion Holy Cross College,Colegio de Montalban,Romblon State University-Calatrava Campus,Governor Mariano E. Villafuerte Community College-,"Dr. Emilio B. Espinosa, Sr. Memorial State College of Agriculture and Technology",Golden Success College,St. Mary’s College of Catbalogan,West Prime Horizon Institute,Santa Monica Institute of Technology,Saint Peter’s College of Toril,Schola de San Jose,,La Consolacion College-Caloocan,,Mindanao Autonomous College Foundation
Pangasinan State University-Sta. Maria,Saint Joseph’s College of Baggao,CORE Gateway College,Colegio de Porta Vaga,Romblon State University-Main,Governor Mariano E. Villafuerte Community College-,Fellowship Baptist College Of Kabankalan,Holy Name University,St. Peter’s College of Ormoc,Western Mindanao State University,Southern Capital Colleges,Samson Polytechnic College of Davao,Senator Ninoy Aquino College Foundation,,La Consolacion College-Manila,,Mindanao Autonomous College Foundation-Maluso
Pangasinan State University-Urdaneta City,Saint Mary’s University of Bayombong,Divina Pastora College,Colegio De San Juan De Letran-Calamba,Romblon State University-Romblon Campus,Governor Mariano E. Villafuerte Community College-,Filamer Christian University,Indiana School of Aeronautics,Sto. Niño College of Ormoc,Western Mindanao State University-Alicia,Southern De Oro Philippines College,San Pedro College,South East Asian Institute of Technology,,La Consolacion College-Novaliches,,Mindanao Capitol College
Panpacific University North Philippines-Tayug,Saint Paul University Philippines,Dominican College of Tarlac,Colegio de Santo Cristo de Burgos,Romblon State University-San Agustin Campus,Holy Trinity College of Camarines Sur,Guimaras State College-Main,La Consolacion College-Bais,Tan Ting Bing Memorial Colleges Foundation,Western Mindanao State University-Aurora,St. Michael’s College,Serapion C. Basalo Memorial Colleges,Southern Baptist College,,Lacson College,,Mindanao Islamic Computer College
Panpacific University-Urdaneta City,St. Ferdinand College-Ilagan,Don Honorio Ventura Technological State University-Apalit,Colegio de Sto. Domingo de Silos,Romblon State University-San Andres Campus,Infotech Development Systems Colleges,Hercor College,La Consolacion College-Liloan,The College of Maasin,Western Mindanao State University-Curuan,St. Peter’s College,South Philippine Adventist College,Southern Christian College,,Lady of Lourdes Hospital & Colleges of Caybiga,,Mindanao State University-Lanao National College of Arts and Trades
Pass College,St. Paul University Philippines,Don Honorio Ventura Technological State University-Bacolor,Colegio ng Lungsod ng Batangas,Romblon State University-San Fernando Campus,King Thomas Learning Academy,Iloilo Science And Technology University-Barotac,Lapu-lapu City College,University of Eastern Philippines,Western Mindanao State University-Diplahan,St. Peter’s College of Misamis Oriental,Southeastern College of Padada,Southern Mindanao Institute of Technology,,Loral Douglas Woosley Bethany Colleges,,Mindanao State University-Maguindanao
Perpetual Help College of Pangasinan,University of Cagayan Valley,Don Honorio Ventura Technological State University-Candaba,College of Saint John Paul II Arts And Sciences,Romblon State University-Sta. Fe Campus,La Consolacion College-Daet,Iloilo Science And Technology University-Dumangas,Larmen De Guia Memorial College,University of Eastern Philippines-Catubig,Western Mindanao State University-Imelda,St. Rita’s College of Balingasag,"Southern Philippines Agriculture, Business, Marine and Aquatic School of Technology",Southern Philippine Technical College of Koronadal,,Lyceum of Alabang,,Mindanao State University-Main Campus Marawi City
Philippine College of Northwestern Luzon,University of La Salette,Don Honorio Ventura Technological State University-Lubao,College of San Benildo-Rizal,Romblon State University-Sta. Maria Campus,La Consolacion College-Iriga City,Iloilo Science And Technology University-Leon,Lyceum of Cebu,University of Eastern Philippines-Laoang,Western Mindanao State University-Ipil,Stella Maris College,St. John Paul II College of Davao,Southern Philippines Methodist College,,Makati Science Technological Institute of the,,Mindanao State University-Sulu Development
Philippine College of Science and Technology,University of Perpetual Help System,Don Honorio Ventura Technological State University-Mexico,CSTC College of Sciences Technology and,San Brendan College,Libon Community College,Iloilo Science And Technology University-Main,Madridejos Community College,Visayas State University,Western Mindanao State University-Mabuhay,Tagoloan Community College,St. Mary’s College Baganga,Southpoint College of Arts and Technology,,Manila Central University,,Mindanao State University-Tawi-Tawi College of College of Technology and Oceanography
Philippine Darakbang Theological College,University of Saint Louis-Tuguegarao,Don Honorio Ventura Technological State University-Porac,CVE Colleges,San Francisco Javier College,Liceo de Masbate,Iloilo Science And Technology University-Miagao,Mandaue City College,Visayas State University-Alang-Alang,Western Mindanao State University-Malangas,The New El Salvador Colleges,St. Mary’S College of Bansalan,St. Alexius College,,Manuel L. Quezon University,,Mindanaoan Integrated Academy
PIMSAT Colleges-Dagupan,,Don Honorio Ventura Technological State University-Sto.Tomas,Daehan College of Business and Technology,Santa Cruz Institute-Marinduque,Liceo de San Jacinto Foundation,Iloilo State College of Fisheries-Barotac Nuevo,Mater Dei College-Bohol,Visayas State University-Isabel,Western Mindanao State University-Molave,Tubod College,St. Mary’s College of Tagum,STI College-Gen. Santos,,Mapua University-Manila,,Notre Dame of Jolo College
PIMSAT Colleges-San Carlos City,,Dr. Gloria D. Lacson Foundation Colleges – Nueva Ecija,Dalubhasaan ng Lungsod ng Lucena,Southwestern Institute of Business and Technology,Ligao Community College,Iloilo State College of Fisheries-Dingle,Metro Dumaguete College,Visayas State University-Tolosa,Western Mindanao State University-Naga,University of Science and Technology in Southern Philippines,St. Thomas More School of Law and Business,Stratford International School,,Marie-Bernarde College,,Notre Dame RVM College of Cotabato
Polytechnic College of La union,,Dr. Gloria D. Lacson Foundation Colleges-Cabanatuan,Dalubhasaan ng Lungsod ng San Pablo,St. Anthony College-Calapan City,Lyceum of St. Dominic,Iloilo State College of Fisheries-Dumangas,Mount Moriah College,Visayas State University-Villaba,Western Mindanao State University-Olutanga,University of Science and Technology in Southern Philippines,STI College-Tagum,Sultan Kudarat Educational Institution,,Marikina Polytechnic College,,Notre Dame University
Saint Columban’s College,,Dr. Yanga’s Colleges,De La Salle – Lipa,St. Mary’s College of Marinduque,Mabini Colleges,Iloilo State College of Fisheries-Main,Negros College,Western Leyte College of Ormoc City,Western Mindanao State University-Pagadian,University of Science and Technology in Southern Philippines-Cagayan de Oro,"Sto. Tomas College of Agriculture, Sciences and",Sultan Kudarat State University,,Mary the Queen College of Quezon City,,Pacasum College
Saint Louis College-City of San Fernando,,Eduardo L. Joson Memorial College,De La Salle University-Dasmariñas,Western Philippines University,Masbate Colleges,Iloilo State College of Fisheries-San Enrique,Negros Oriental State University -Bais Ii,,Western Mindanao State University-Siay,University of Science and Technology in Southern Philippines-Oroquieta,Tagum City College of Science and Technology,Sultan Kudarat State University-Bagumbayan,,Metro Manila College,,Parang Foundation College
"Saint Mary’s College Sta. Maria, Ilocos Sur",,Exact Colleges of Asia,De La Salle-College of Saint Benilde-Antipolo,Western Philippines University-El Nido,Naga College Foundation,John B. Lacson Colleges Foundation-Bacolod,Negros Oriental State University-Bayawan,,Western Mindanao State University-Tungawan,University of Science and Technology in Southern Philippines-Panaon,The Rizal Memorial Colleges,Sultan Kudarat State University-Isulan,,Miriam College,,Philippine Engineering And Agro-Industrial College
Saint Paul College of Ilocos Sur,,Fernandez College of Arts and Technology,Deaf Evangelistic Alliance Foundation,Western Philippines University-Puerto Princesa,Naga View Adventist College,Kabankalan Catholic College,Negros Oriental State University-Guihulngan,,Yllana Bay View College,Valencia Colleges-Bukidnon,UM Digos College,Sultan Kudarat State University-Kalamansig,,National Christian Life College,,Philippine Last Frontier College
San Carlos College,,First City Providential College,DMMC Institute of Health Sciences,Western Philippines University-Quezon,Northills College of Asia,La Carlota City College,Negros Oriental State University-Mabinay Institute of,,Zamboanga del Sur Provincial Government College,Xavier University (Ateneo de Cagayan),UM Panabo College,Sultan Kudarat State University-Lutayan,,National College of Business and Arts-Cubao,,Philippine Muslim Teachers’ College
Señor Tesoro College,,Fundamental Baptist College For Asians,Dominican College of Sta. Rosa,,Oas Community College,La Consolacion College-Bacolod,Negros Oriental State University-Main Campus,,Zamboanga del Sur Provincial Government College –,,UM Peñaplata College,Sultan Kudarat State University-Palimbang,,National College of Business and Arts-Fairview,,Regional Madrasah Graduate Academy
South Ilocandia College of Arts and Technology,,General De Jesus College,Don Bosco College-Canlubang,,Osmeña Colleges,La Consolacion College-Daet,Negros Oriental State University-Siaton Community,,Zamboanga Peninsula Polytechnic State University,,UM Tagum College,University of Southern Mindanao-Kidapawan City,,National Polytechnic College of Science and Technology,,Saffrullah M. Dipatuan Foundation Academy
St. Camillus College of Manaoag Foundation,,Gerona Junior College,Dr. Francisco L. Calingasan Memorial Colleges,,Our Lady of Lourdes College Foundation,La Consolacion College-Isabela,Northeastern Cebu Colleges,,Zamboanga State College of Marine Sciences and Technology,,University of Mindanao,University of Southern Mindanao-Main,,National University,,SAL Foundation College
The Adelphi College,,Golden Valley Colleges,East Systems College of Rizal,,Our Lady of Salvation College,Luis H. Dilanco Sr. Foundation College,Northern Cebu College,,ZAMSULA Everlasting College,,University of Southeastern Philippines-Main,Villamor College of Business and Arts,,Navotas Polytechnic College,,Shariff Kabunsuan College
The Great Plebeian College,,Gordon College,Eastern Quezon College,,Partido College,Mount Carmel College,Presbyterian Theological College,,,,University of Southeastern Philippines-Mintal,VMC Asian College Foundation,,New England College,,Shariff Kabunsuan College (Annex)
Union Christian College,,Guagua National Colleges,Emilio Aguinaldo Educational Corporation-Emilio,,Partido State University-Caramoan Campus,Northern Iloilo State University-Ajuy,Professional Academy of the Philippines,,,,University of Southeastern Philippines-Tagum,VMC Asian College of President Quirino,,New Era University,,South Upi College
University of Eastern Pangasinan,,Holy Angel University,Eulogio “Amang” Rodriguez Institute of Science and,,Partido State University-Main,Northern Iloilo State University-Barotac Viejo,Quezon Memorial Institute of Siquijor,,,,University of the Immaculate Conception,West Celebes College of Technology,,Olivarez College,,Southwestern Mindanao Islamic Institute
University of Luzon,,Holy Cross College-Nueva Ecija,Far Eastern College-Silang,,Partido State University-Sagñay Campus,Northern Iloilo State University-Batad,Rizwoods Colleges,,,,,,,Our Lady of Fatima University-Quezon City,,SPA College
University of Northern Philippines,,Holy Cross College-Pampanga,Far Eastern Polytechnic College,,Partido State University-Tinambac Campus,Northern Iloilo State University-Concepcion,Rosemont Hills Montessori College,,,,,,,Our Lady of Fatima University-Valenzuela,,St. Benedict College of Maguindanao
University of Pangasinan-Dagupan,,Holy Rosary Colleges Foundation of Calaba Sanisidro,FCD Central Institute,,Perpetual Help Paramedical School,"Northern Iloilo State University-Estancia, Iloilo",Royal Christian College,,,,,,,Our Lady of Lourdes College,,STI College-Cotabato
Urdaneta City University-Main,,Immaculate Conception I-College of Arts and,First Asia Institute of Technology and Humanities,,Pili Capital College,Northern Iloilo State University-Lemery,Saint Francis College-Guihulngan,,,,,,,Our Lady of Lourdes Technological College,,Sultan Kudarat Islamic Academy Foundation College
Virgen Milagrosa University Foundation,,Interworld Colleges Foundation – Paniqui,Golden Gate Colleges,,PLT College of Guinobatan,Northwestern Visayan Colleges,Saint Joseph College of Canlaon,,,,,,,Our Lady of Perpetual Succor College,,Sulu College of Technology
,,Javier E. Garde Essential Colleges,Grain of Wheat College,,Polangui Community College,Passi City College,Saint Louis College -Cebu,,,,,,,Pacific InterContinental College,,Sulu State College
,,Jesus Is Lord Colleges Foundation,Granby Colleges of Science & Technology,,Polytechnic Institute of Tabaco,Philippine Normal University-Cadiz,Saint Louise de Marillac College-Bogo,,,,,,,Pamantasan ng Lungsod ng Marikina,,Tamparan Populace Islamic College
,,Jose C. Feliciano College Foundation,Guinayangan College Foundation,,Polytechnic University of the Philippines-Ragay,Polangui Community College,Saint Paul College Foundation,,,,,,,Pamantasan ng Lungsod ng Maynila,,Universal College Foundation of Southeast Asia and the Pacific
,,Kinect Academy,Harris Memorial College,,R.G. de Castro Colleges,Silay Institute,Saint Theresa’s College of Cebu,,,,,,,Pamantasan ng Lungsod ng Muntinlupa,,University of Southern Mindanao – Buluan
,,Kolehiyo ng Subic,Holy Child Jesus College,,Rapu-Rapu Community College,Southland College of Kabankalan City,Salazar Colleges of Science And Institute of Technology,,,,,,,Pamantasan ng Lungsod ng Pasig,,Upi Agricultural School-Provincial Technical Institute of Agriculture
,,La Concepcion College,ICCT Colleges Foundation,,Republic Colleges of Guinobatan,St. Paul University of Iloilo,Salazar Colleges of Science And Institute of Technology-,,,,,,,Pamantasan Ng Lungsod Ng Valenzuela,,
,,La Consolacion University Philippines,ICT-ED Institute of Science and Technology,,San Jose Community College,State University of Northern Negros (formerly Northern Negros State College of Science and Technology),Silliman University,,,,,,,Pasig Catholic College,,
,,Liceo de Pulilan Colleges,IETI College of Science and Technology,,Shepherdville College,STI West Negros University,Siquijor State College,,,,,,,Philippine Christian University,,
,,Limay Polytechnic College,Immaculate Conception College-Balayan,,Siena College-Tigaon,Tañon College,Southwestern University,,,,,,,Philippine College of Health Sciences,,
,,Lourdes College of Bulacan,Imus Institute of Science and Technology,,Solis Institute of Technology,University of Antique – Hamtic,St. Catherine’S College,,,,,,,Philippine Cultural College,,
,,Mabalacat City College,International Electronics and Technical Institute,,Sorsogon State University-Bulan Campus,University of Antique – Main,St. Cecilia’s College – Cebu,,,,,,,Philippine Normal University-Main,,
,,Magsaysay Memorial College of Zambales,International Peace Leadership College,,Sorsogon State University-Magallanes Campus,University of Antique-Tibiao,St. Paul University Dumaguete,,,,,,,Polytechnic University of the Philippines-Main,,
,,Manuel V. Gallego Foundation Colleges,Jesus Reigns Christian College Foundation-Amadeo,,Sorsogon State University-Main,University of Iloilo,Sto. Tomas College-Danao City,,,,,,,Polytechnic University of the Philippines-Quezon City,,
,,Marian College of Baliuag,Kolehiyo ng Lungsod ng Lipa,,Southern Bicol Colleges,University of Negros Occidental-Recoletos,Talisay City College,,,,,,,Polytechnic University of the Philippines-San Juan,,
,,Mary the Queen College-Pampanga,Kurios Christian Colleges Foundation,,Southern Luzon Institute,University of Saint Anthony,Trade-Tech International Science Institute,,,,,,,Polytechnic University of the Philippines-Taguig,,
,,Mater Dei Academy – Sta. Maria,La Consolacion College-Biñan,,Southern Luzon Technological College Foundation-,University of Saint La Salle,Trinidad Municipal College,,,,,,,Regis Marie College,,
,,Mater Redemptoris College of San Jose City,La Consolacion College-Tanauan,,Southern Luzon Technological College Foundation-,University of San Agustin,University of Bohol,,,,,,,Republican College,,
,,Megabyte College of Science and Technology-Florida,Laguna College,,Southern Luzon Technological College Foundation-Pilar,West Visayas State University-Calinog,University of Cebu,,,,,,,Rizal Technological University,,
,,Meycauayan College,Laguna College of Business and Arts,,Southern Masbate Roosevelt College,West Visayas State University-Himamaylan,University of Cebu-Banilad,,,,,,,Rizal Technological University-Pasig,,
,,Microlink Institute of Science and Technology San,Laguna Northwestern College,,Speed Computer College,West Visayas State University-Janiuay,University of Cebu-Lapulapu and Mandaue,,,,,,,Saint Bernadette College of Alabang,,
,,"MIDWAY COLLEGES, Inc.",Laguna Northwestern College-SLRMC,,SPJ International Technology Institute,West Visayas State University-Lambunao,University of San Carlos,,,,,,,Saint Francis of Assisi College,,
,,Mondriaan Aura College,Laguna Science and Technology College,,St. Louise De Marillac College of Sorsogon,West Visayas State University-Main,University of San Jose-Recoletos,,,,,,,Saint Rita College-Manila,,
,,Mount Carmel College of Casiguran,Laguna State Polytechnic University-Los Baños,,St. Peter Baptist College Foundation,West Visayas State University-Pototan,University of Southern Philippines Foundation,,,,,,,San Beda College-Alabang,,
,,Mount Carmel College-Baler,Laguna State Polytechnic University-Main,,Sta. Elena (Camarines Norte) College,Zamora Memorial College,University of the Visayas,,,,,,,San Beda University,,
,,"Mt.Carmel College of Bocaue, Bulacan",Laguna State Polytechnic University-San Pablo City,,Tabaco College,,University of the Visayas -Gullas College Danao City,,,,,,,Santa Isabel College of Manila,,
,,New Era University-Pampanga,Laguna State Polytechnic University-Sta. Cruz,,The Lewis College,,University of The Visayas-Dalaguete,,,,,,,Siena College,,
,,Northern Zambales College,Laguna University,,Tiwi Community College,,University of The Visayas-Gullas College Minglanilla,,,,,,,Southeast Asian College,,
,,Norzagaray College,Lemery Colleges,,Universidad de Sta. Isabel,,University of the Visayas-Mandaue,,,,,,,Southeastern College,,
,,Nueva Ecija University of Science And Technology-Cabanatuan City,Leon Guinto Memorial College,,University of Northeastern Philippines,,University of the Visayas-Toledo City,,,,,,,Southville International School and Colleges,,
,,Nueva Ecija University of Science And Technology-Carranglan,Lipa City Colleges,,University of Nueva Caceres,,Villaflores College,,,,,,,St. Bernadette of Lourdes College,,
,,Nueva Ecija University of Science And Technology-Gabaldon,LNC Corinthian Center,,University of Saint Anthony,,,,,,,,,St. Chamuel College,,
,,Nueva Ecija University of Science And Technology-Gapan City,Lyceum of the Philippines-Cavite Campus,,University of Santo Tomas-Legazpi,,,,,,,,,St. Clare College of Caloocan,,
,,Nueva Ecija University of Science and Technology-General Tinio,Mabini College of Batangas,,Veritas College of Irosin,,,,,,,,,St. Dominic Savio College,,
,,Nueva Ecija University of Science And Technology-San Antonio,Manuel S. Enverga Institute Foundation-San Antonio,,West Coast College,,,,,,,,,St. Francis Divine College,,
,,Nueva Ecija University of Science And Technology-San Isidro,Manuel S. Enverga University Foundation-Candelaria,,Zamora Memorial College,,,,,,,,,St. John of Beverly School,,
,,Nueva Ecija University of Science And Technology-San Leonardo,Manuel S. Enverga University Foundation-Catanauan,,,,,,,,,,,St. Joseph’s College of Quezon City,,
,,Nueva Ecija University of Science And Technology-Talavera,Manuel S. Enverga University Foundation-Lucena,,,,,,,,,,,St. Jude College,,
,,OLRA College Foundation,Marcelino Fule Memorial College,,,,,,,,,,,St. Mary’s College,,
,,Osias Colleges,Maryhill College,,,,,,,,,,,St. Paul University-Manila,,
,,Our Lady of Fatima University-Pampanga,Mind and Integrity College,,,,,,,,,,,St. Paul University-Quezon City,,
,,Our Lady of Sacred Heart College of Guimba,National College of Business and Arts-Taytay,,,,,,,,,,,St. Scholastica’s College,,
,,Pambayang Dalubhasaan ng Marilao,National College of Science and Technology,,,,,,,,,,,St. Vincent de Ferrer College of Camarin,,
,,Pampanga Colleges,Northern Quezon College,,,,,,,,,,,Sta. Catalina College,,
,,Pampanga State Agricultural University,NTC Education-Batangas,,,,,,,,,,,Technological Institute of the Philippines-Quezon City,,
,,Polytechnic College of Botolan,Olinsterg College,,,,,,,,,,,Technological University of the Philippines-Manila,,
,,Polytechnic College of the City of Meycauayan,Olivarez College-Tagaytay,,,,,,,,,,,Technological University of the Philippines-Taguig,,
,,Polytechnic University of The Philippines-Cabiao,One Cainta College,,,,,,,,,,,The Fisher Valley College,,
,,Polytechnic University of The Philippines-Mariveles,Our Lady of Assumption College of Laguna,,,,,,,,,,,The National Teachers College,,
,,Polytechnic University of The Philippines-Sta. Maria,Our Lady of Fatima University-Antipolo,,,,,,,,,,,The Philippine Women’s University-Manila,,
,,President Ramon Magsaysay State University,Oxfordian Colleges,,,,,,,,,,,The University of Manila,,
,,President Ramon Magsaysay State University-Botolan,Paete Science and Business College,,,,,,,,,,,Trinity University of Asia,,
,,President Ramon Magsaysay State University-Castillejos,Pamantasan ng Cabuyao,,,,,,,,,,,United Christian Academy College of Asia,,
,,President Ramon Magsaysay State University-Masinloc,Pambayang Kolehiyo ng Mauban,,,,,,,,,,,Universal Colleges of Parañaque,,
,,President Ramon Magsaysay State University-San Marcelino,Philippine Best Training Systems Colleges,,,,,,,,,,,Universidad de Manila,,
,,President Ramon Magsaysay State University-Sta. Cruz,Philippine International College,,,,,,,,,,,University of Asia and the Pacific,,
,,RCC Colegio de San Rafael,Philippine Normal University-Lopez,,,,,,,,,,,University of Caloocan City,,
,,Republic Central Colleges,Philippine Women’s University-Career Development,,,,,,,,,,,University of Makati,,
,,Richwell Colleges,PIMSAT Colleges,,,,,,,,,,,University of Perpetual Help System Dalta,,
,,Saint Anthony College of Technology,Polytechnic University of the Philippines-Alfonso,,,,,,,,,,,University of Santo Tomas,,
,,Saint Augustine Colleges Foundation,Polytechnic University of the Philippines-Biñan,,,,,,,,,,,University of the East-Manila,,
,,Saint Mary’s Angels College of Pampanga,Polytechnic University of the Philippines-Calauan,,,,,,,,,,,University of the Philippines-Diliman,,
,,Saint Mary’s College of Baliuag,"Polytechnic University of the Philippines-General Luna,",,,,,,,,,,,Valenzuela City Polytechnic College,,
,,Saint Mary’s College of Meycauayan,Polytechnic University of the Philippines-Lopez,,,,,,,,,,,Villagers Montessori College,,
,,Saint Rose College Educational Foundation,Polytechnic University of the Philippines-Maragondon,,,,,,,,,,,WCC Aeronautical & Technological College-North Manila,,
,,San Jose Christian Colleges,Polytechnic University of the Philippines-Mulanay,,,,,,,,,,,,,
,,Santa Rita College of Pampanga,Polytechnic University of the Philippines-San Pedro,,,,,,,,,,,,,
,,Sienna College of San Jose,Polytechnic University of the Philippines-Sta. Rosa,,,,,,,,,,,,,
,,SJDM Cornerstone College,Polytechnic University of the Philippines-Sto. Tomas,,,,,,,,,,,,,
,,St. Benilde Center for Global Competence,Polytechnic University of the Philippines-Unisan,,,,,,,,,,,,,
,,St. Joseph College-Olongapo,PTS College and Advanced Studies,,,,,,,,,,,,,
,,St. Joseph’s College of Balanga City,Quezonian Educational College,,,,,,,,,,,,,
,,"St. Paul Colleges Foundation-Paniqui, Tarlac",Red Link Institute of Science & Technology,,,,,,,,,,,,,
,,St. Paul University at San Miguel,Renaissance School of Science and Technology,,,,,,,,,,,,,
,,STI College-Balagtas,Rizal College of Laguna,,,,,,,,,,,,,
,,Sto. Rosario Sapang Palay College,Rizal College of Taal,,,,,,,,,,,,,
,,Subic Bay Colleges,Rogationist College,,,,,,,,,,,,,
,,Systems Plus College Foundation,Roosevelt College-Cainta,,,,,,,,,,,,,
,,Tarlac Agricultural University,Sacred Heart College,,,,,,,,,,,,,
,,Tarlac Christian Colleges,Saint Francis of Assisi College-Cavite,,,,,,,,,,,,,
,,Tarlac State University,Saint John Colleges,,,,,,,,,,,,,
,,The Good Samaritan Colleges,Saint Michael’s College of Laguna,,,,,,,,,,,,,
,,Tomas Del Rosario College,Saint Peter’s School (Calauag),,,,,,,,,,,,,
,,United School of Science and Technology Colleges,Saints John and Paul Educational Foundation,,,,,,,,,,,,,
,,University of the Assumption,San Ildefonso College,,,,,,,,,,,,,
,,Village Montessori School and Colleges,San Mateo Municipal College,,,,,,,,,,,,,
,,Wesleyan University-Philippines (Cabanatuan),San Pablo Colleges,,,,,,,,,,,,,
,,Wesleyan University-Philippines-Aurora,San Pedro College of Business Administration,,,,,,,,,,,,,
,,"World Citi Colleges, Guimba Campus",Siena College of Taytay,,,,,,,,,,,,,
,,,Skill Power Institute,,,,,,,,,,,,,
,,,"Southdale International School of Science, Arts and",,,,,,,,,,,,,
,,,Southern Luzon State University,,,,,,,,,,,,,
,,,Southern Luzon State University-Catanauan,,,,,,,,,,,,,
,,,Southern Luzon State University-Gumaca Campus,,,,,,,,,,,,,
,,,Southern Luzon State University-Infanta,,,,,,,,,,,,,
,,,Southern Luzon State University-Lucena,,,,,,,,,,,,,
,,,Southern Luzon State University-Polilio,,,,,,,,,,,,,
,,,Southern Luzon State University-Tagkawayan,,,,,,,,,,,,,
,,,Southern Luzon State University-Tiaong Campus,,,,,,,,,,,,,
,,,Southern Philippines Institute of Science and,,,,,,,,,,,,,
,,,St. Anne College Lucena,,,,,,,,,,,,,
,,,St. Bridget College,,,,,,,,,,,,,
,,,St. Dominic College of Asia,,,,,,,,,,,,,
,,,St. Ignatius Technical Institute of Business and Arts-Cabuyao,,,,,,,,,,,,,
,,,St. Ignatius Technical Institute of Business and Arts-Sta.Rosa,,,,,,,,,,,,,
,,,St. John Bosco College of Tayabas,,,,,,,,,,,,,
,,,St. Joseph College of Cavite,,,,,,,,,,,,,
,,,St. Joseph’s College of Rodriguez,,,,,,,,,,,,,
,,,St. Jude College-Dasmariñas,,,,,,,,,,,,,
,,,"St. Louis Anne Colleges of San Pedro, Laguna",,,,,,,,,,,,,
,,,St. Matthew College,,,,,,,,,,,,,
,,,St. Vincent College of Cabuyao,,,,,,,,,,,,,
,,,Sta. Teresa College,,,,,,,,,,,,,
,,,Sumulong College of Arts and Sciences,,,,,,,,,,,,,
,,,Tanauan City College,,,,,,,,,,,,,
,,,Tanauan Institute,,,,,,,,,,,,,
,,,Tayabas Western Academy,,,,,,,,,,,,,
,,,Technological University of the Philippines-Cavite,,,,,,,,,,,,,
,,,Teodoro M. Luansing College of Rosario,,,,,,,,,,,,,
,,,The Bearer of Light and Wisdom Colleges,,,,,,,,,,,,,
,,,Tomas Claudio Colleges,,,,,,,,,,,,,
,,,Trace College,,,,,,,,,,,,,
,,,Trece Martires City College,,,,,,,,,,,,,
,,,Trimex Colleges,,,,,,,,,,,,,
,,,Unida Christian Colleges,,,,,,,,,,,,,
,,,Union College of Laguna,,,,,,,,,,,,,
,,,University of Batangas,,,,,,,,,,,,,
,,,University of Batangas-Lipa,,,,,,,,,,,,,
,,,University of Perpetual Help System Dalta-Calamba,,,,,,,,,,,,,
,,,University of Perpetual Help System Dalta-Molino,,,,,,,,,,,,,
,,,University of Perpetual Help System-GMA Campus,,,,,,,,,,,,,
,,,University of Perpetual Help System-Laguna,,,,,,,,,,,,,
,,,University of Rizal System-Angono,,,,,,,,,,,,,
,,,University of Rizal System-Antipolo,,,,,,,,,,,,,
,,,University of Rizal System-Cainta,,,,,,,,,,,,,
,,,University of Rizal System-Morong,,,,,,,,,,,,,
,,,University of Rizal System-Pililia,,,,,,,,,,,,,
,,,University of Rizal System-Rodriguez,,,,,,,,,,,,,
,,,University of Rizal System-Tanay,,,,,,,,,,,,,
,,,University of Rizal System-Taytay,,,,,,,,,,,,,
,,,Victory Elijah Christian College,,,,,,,,,,,,,
,,,Westbridge Institute of Technology,,,,,,,,,,,,,
,,,Western Colleges,,,,,,,,,,,,,
,,,Westmead International School,,,,,,,,,,,,,
