Webinars title on the training bundle,User's training,Cost
"Science Experiment: Understanding Types, Variables, and Methodology",Guide to Science Experiment: From Concept to Manuscript with Statistics and Citations (Day 1) (01-25-2025),150
Making Data Meaningful: Using the Right Statistical Tools,Guide to Science Experiment: From Concept to Manuscript with Statistics and Citations (Day 2) (02-01-2025),150
"Polishing and Publishing: Formatting, Style, & References using Microsoft Word and Mendeley",Guide to Science Experiment: From Concept to Manuscript with Statistics and Citations (Day 3) (02-08-2025),150
Building One’s Knowledge Base Through Systematic Review,"Conducting and Publishing Systematic Reviews (e.g.,Meta-analysis): The Whats, Whys, and Hows (Day 1) (01-25-2025)",150
Systematic Review Writeshop: Focus on Developing the SR Protocol,"Conducting and Publishing Systematic Reviews (e.g.,Meta-analysis): The Whats, Whys, and Hows (Day 2) (02-01-2025)",150
Presentation and Critiquing of Systematic Review Proposal,"Conducting and Publishing Systematic Reviews (e.g.,Meta-analysis): The Whats, Whys, and Hows (Day 3) (02-08-2025)",150
The Research Writer’s Workshop: Manuscript Essentials for Success,The Research Writer’s Workshop: Manuscript Essentials for Success (11-29-2025),300
The Research Presenter’s Workshop: A Guide to Oral Presentations,The Research Presenter’s Workshop: A Guide to Oral Presentations (11-29-2025),150
Practical Strategies & Tools for Effective Thesis Writing,Practical Strategies & Tools for Effective Thesis Writing (04-26-2025),150
Metabolic Mystery: Teaching Cell Metabolism with Clarity and Context,Metabolic Mystery: Teaching Cell Metabolism with Clarity and Context (07-26-2025),150
Molecules of Life: Mastering Carbs Proteins Lipids Nucleic Acids and Enzymes,Molecules of Life: Mastering Carbs Proteins Lipids Nucleic Acids and Enzymes (08-30-2025),150
Mendelian and Non-Mendelian Genetics and Inheritance,Mendelian and Non-Mendelian Genetics and Inheritance (09-27-2025),150
"Cell Essentials: Theory, Structure, and Function","Cell Essentials: Theory, Structure, and Function (05-10-2025)",150
React Right: Understanding and Classifying Chemical Reactions with Confidence,React Right: Understanding and Classifying Chemical Reactions with Confidence (07-26-2025),150
Quantum Clarity: Mastering Orbital Diagrams and the Rules that Govern Them,Quantum Clarity: Mastering Orbital Diagrams and the Rules that Govern Them (08-30-2025),150
Molecular Geometry: Predicting the 3D Shapes of Molecules,Molecular Geometry: Predicting the 3D Shapes of Molecules (09-27-2025),150
Stoichiometry Essentials: From Moles to Chemical Equations,Stoichiometry Essentials: From Moles to Chemical Equations (05-11-2025),150
Impact in Motion: Understanding Momentum and Collisions through Real-World Examples,Impact in Motion: Understanding Momentum and Collisions through Real-World Examples (09-27-2025),150
Gamified Motion: Graphical and Computational Analysis of Kinematics & Projectile,Gamified Motion: Graphical and Computational Analysis of Kinematics & Projectile (08-30-2025),150
Twist and Turn: Exploring the Laws Behind Rotational Systems,Twist and Turn: Exploring the Laws Behind Rotational Systems (07-26-2025),150
Vector Essentials: Building a Strong Foundation in Physics,Vector Essentials: Building a Strong Foundation in Physics (05-10-2025),150
